{
  "total_up_time": 32.40740740740741,
  "last_position": 23.7,
  "last_reset_time": "2025-11-14T23:55:54.119832",
  "current_window_usage": 7.340067340067339
}