{
  "last_position": 23.7,
  "total_up_time": 30.629789175810636,
  "usage_periods": [
    [
      1763493039.64621,
      1763493040.5722954,
      0.9260854721069336
    ],
    [
      1763493050.788349,
      1763493051.6976275,
      0.9092786312103271
    ]
  ]
}